<?xml version="1.0" encoding="UTF-8" standalone="yes" ?>
<addon id="plugin.video.gong.play" name="Gong Play" version="1.5.1" provider-name="HarryGG">
  <requires>
  	<import addon="xbmc.python" version="2.14.0"/>
  	
  </requires>
  <extension point="xbmc.python.pluginsource" library="addon.py">
  	<provides>video</provides>
  </extension>
  <extension point="xbmc.addon.metadata">
  	<summary lang="bg">Приставка за гледане на спортно съдържание от услугата Play.Gong.Bg</summary>
  	<summary lang="en">Addon for watching sport events from the Play.Gong.Bg service</summary>
	<description lang="bg">Приставка за гледане на съдържание от Play.Gong.Bg. За гледане предавания на живо, услугата изисква активен акаунт и платен абонамент! За подробности - http://play.gong.bg/howitworks</description>
	<description lang="en">Addon for watching live sport events from Play.Gong.Bg. For watching live content, the service requires an active account and paid subscription! Details - http://play.gong.bg/howitworks</description>
  	<disclaimer lang="bg">Някои елементи на тази приставка, може да нямат уредени авторски права в България. Името, логото, интернет адреса и сайтът поместен на него са собственост на MTG. Приставката се разпространява под GPL2 лиценз.</disclaimer>
  	<disclaimer lang="en">Some parts of this addon may not be legal in your country of residence - please check with your local laws before installing.</disclaimer>
  	<language>bg,en</language>
  	<platform>all</platform>
  	<forum>http://kodibg.org/forum/thread-2.html</forum>
  	<website>http://kodibg.org/</website>
  	<email>harrygg@gmail.com</email>
  </extension>
</addon>
